abstract,category
This is a dummy abstract 0.,cat6
This is a dummy abstract 1.,cat3
This is a dummy abstract 2.,cat7
This is a dummy abstract 3.,cat4
This is a dummy abstract 4.,cat6
This is a dummy abstract 5.,cat9
This is a dummy abstract 6.,cat2
This is a dummy abstract 7.,cat6
This is a dummy abstract 8.,cat7
This is a dummy abstract 9.,cat4
This is a dummy abstract 10.,cat3
This is a dummy abstract 11.,cat7
This is a dummy abstract 12.,cat7
This is a dummy abstract 13.,cat2
This is a dummy abstract 14.,cat5
This is a dummy abstract 15.,cat4
This is a dummy abstract 16.,cat1
This is a dummy abstract 17.,cat7
This is a dummy abstract 18.,cat5
This is a dummy abstract 19.,cat1
This is a dummy abstract 20.,cat4
This is a dummy abstract 21.,cat0
This is a dummy abstract 22.,cat9
This is a dummy abstract 23.,cat5
This is a dummy abstract 24.,cat8
This is a dummy abstract 25.,cat0
This is a dummy abstract 26.,cat9
This is a dummy abstract 27.,cat2
This is a dummy abstract 28.,cat6
This is a dummy abstract 29.,cat3
This is a dummy abstract 30.,cat8
This is a dummy abstract 31.,cat2
This is a dummy abstract 32.,cat4
This is a dummy abstract 33.,cat2
This is a dummy abstract 34.,cat6
This is a dummy abstract 35.,cat4
This is a dummy abstract 36.,cat8
This is a dummy abstract 37.,cat6
This is a dummy abstract 38.,cat1
This is a dummy abstract 39.,cat3
This is a dummy abstract 40.,cat8
This is a dummy abstract 41.,cat1
This is a dummy abstract 42.,cat9
This is a dummy abstract 43.,cat8
This is a dummy abstract 44.,cat9
This is a dummy abstract 45.,cat4
This is a dummy abstract 46.,cat1
This is a dummy abstract 47.,cat3
This is a dummy abstract 48.,cat6
This is a dummy abstract 49.,cat7
This is a dummy abstract 50.,cat2
This is a dummy abstract 51.,cat0
This is a dummy abstract 52.,cat3
This is a dummy abstract 53.,cat1
This is a dummy abstract 54.,cat7
This is a dummy abstract 55.,cat3
This is a dummy abstract 56.,cat1
This is a dummy abstract 57.,cat5
This is a dummy abstract 58.,cat5
This is a dummy abstract 59.,cat9
This is a dummy abstract 60.,cat3
This is a dummy abstract 61.,cat5
This is a dummy abstract 62.,cat1
This is a dummy abstract 63.,cat9
This is a dummy abstract 64.,cat1
This is a dummy abstract 65.,cat9
This is a dummy abstract 66.,cat3
This is a dummy abstract 67.,cat7
This is a dummy abstract 68.,cat6
This is a dummy abstract 69.,cat8
This is a dummy abstract 70.,cat7
This is a dummy abstract 71.,cat4
This is a dummy abstract 72.,cat1
This is a dummy abstract 73.,cat4
This is a dummy abstract 74.,cat7
This is a dummy abstract 75.,cat9
This is a dummy abstract 76.,cat8
This is a dummy abstract 77.,cat8
This is a dummy abstract 78.,cat0
This is a dummy abstract 79.,cat8
This is a dummy abstract 80.,cat6
This is a dummy abstract 81.,cat8
This is a dummy abstract 82.,cat7
This is a dummy abstract 83.,cat0
This is a dummy abstract 84.,cat7
This is a dummy abstract 85.,cat7
This is a dummy abstract 86.,cat2
This is a dummy abstract 87.,cat0
This is a dummy abstract 88.,cat7
This is a dummy abstract 89.,cat2
This is a dummy abstract 90.,cat2
This is a dummy abstract 91.,cat0
This is a dummy abstract 92.,cat4
This is a dummy abstract 93.,cat9
This is a dummy abstract 94.,cat6
This is a dummy abstract 95.,cat9
This is a dummy abstract 96.,cat8
This is a dummy abstract 97.,cat6
This is a dummy abstract 98.,cat8
This is a dummy abstract 99.,cat7
